city,Median Household Income
Abington,90873
Acton,137910
Acushnet,72125
Adams,49191
Agawam,67219
Alford,106406
Amesbury,80721
Amherst,51878
Andover,148125
Aquinnah,87000
Arlington,107085
Ashburnham,97561
Ashby,101357
Ashfield,70956
Ashland,121406
Athol,54028
Attleboro,74255
Auburn,83014
Avon,69868
Ayer,84917
Barnstable,68919
Barre,68139
Becket,74659
Bedford,129726
Belchertown,93300
Bellingham,99569
Belmont,120208
Berkley,94516
Berlin,104063
Bernardston,64940
Beverly,79483
Billerica,103129
Blackstone,86513
Blandford,75250
Bolton,155093
Boston,65883
Bourne,74668
Boxborough,108207
Boxford,174340
Boylston,98520
Braintree,94945
Brewster,73765
Bridgewater,92289
Brimfield,84471
Brockton,55140
Brookfield,68125
Brookline,113515
Buckland,53716
Burlington,105443
Cambridge,95404
Canton,105371
Carlisle,171625
Carver,66406
Charlemont,57159
Charlton,97805
Chatham,77878
Chelmsford,109955
Chelsea,53280
Cheshire,64979
Chester,73000
Chesterfield,74010
Chicopee,49434
Chilmark,106000
Clarksburg,64330
Clinton,66094
Cohasset,132204
Colrain,56149
Concord,141293
Conway,97188
Cummington,56964
Dalton,59122
Danvers,84842
Dartmouth,81641
Dedham,96992
Deerfield,76250
Dennis,59805
Dighton,93897
Douglas,95567
Dover,224784
Dracut,88555
Dudley,67117
Dunstable,131250
Duxbury,128333
East,86922
East,84444
East,88442
Eastham,68161
Easthampton,59604
Easton,109719
Edgartown,64810
Egremont,68125
Erving,62750
Essex,113469
Everett,60482
Fairhaven,65763
Fall,41585
Falmouth,73201
Fitchburg,55277
Florida,65417
Foxborough,98374
Framingham,79136
Franklin,115355
Freetown,86469
Gardner,50239
Georgetown,128885
Gill,67083
Gloucester,65377
Goshen,80982
Gosnold,126250
Grafton,102737
Granby,95987
Granville,82273
Great,56622
Greenfield,48653
Groton,126883
Groveland,97109
Hadley,64276
Halifax,92111
Hamilton,133333
Hampden,85943
Hancock,64583
Hanover,120000
Hanson,98537
Hardwick,58924
Harvard,148625
Harwich,75352
Hatfield,64619
Haverhill,67579
Hawley,59107
Heath,63393
Hingham,133596
Hinsdale,65820
Holbrook,70364
Holden,105000
Holland,81680
Holliston,125625
Holyoke,40656
Hopedale,107550
Hopkinton,166156
Hubbardston,95530
Hudson,87806
Hull,85573
Huntington,59881
Ipswich,90557
Kingston,106654
Lakeville,106775
Lancaster,103071
Lanesborough,76818
Lawrence,41583
Lee,71369
Leicester,82229
Lenox,72411
Leominster,58205
Leverett,91500
Lexington,172750
Leyden,78594
Lincoln,122778
Littleton,120638
Longmeadow,114271
Lowell,51987
Ludlow,72040
Lunenburg,101510
Lynn,54598
Lynnfield,132632
Malden,64178
Manchester-by-the-Sea,124025
Mansfield,114720
Marblehead,115511
Marion,80188
Marlborough,79228
Marshfield,96514
Mashpee,71810
Mattapoisett,91573
Maynard,101324
Medfield,155039
Medford,92363
Medway,119450
Melrose,103743
Mendon,132063
Merrimac,83508
Methuen,74912
Middleborough,83227
Middlefield,73438
Middleton,102604
Milford,82129
Millbury,81804
Millis,106336
Millville,78704
Milton,127448
Monroe,26458
Monson,82427
Montague,53750
Monterey,67500
Montgomery,83333
Mount,72500
Nahant,90741
Nantucket,105171
Natick,109490
Needham,153032
New,81875
New,43989
New,89167
New,76731
New,69750
Newbury,93000
Newburyport,103220
Newton,139696
Norfolk,146607
North,39411
North,109371
North,89485
North,73599
North,126818
Northampton,64850
Northborough,113608
Northbridge,78230
Northfield,72083
Norton,108423
Norwell,151306
Norwood,90511
Oak,82045
Oakham,84375
Orange,46228
Orleans,71418
Otis,76058
Oxford,71327
Palmer,60333
Paxton,99875
Peabody,68387
Pelham,93958
Pembroke,103920
Pepperell,96750
Peru,70673
Petersham,68405
Phillipston,81250
Pittsfield,48555
Plainfield,52750
Plainville,98280
Plymouth,87595
Plympton,98359
Princeton,134191
Provincetown,50741
Quincy,74180
Randolph,73697
Raynham,99554
Reading,112634
Rehoboth,104052
Revere,55020
Richmond,90714
Rochester,103396
Rockland,79807
Rockport,81681
Rowe,54750
Rowley,114063
Royalston,73750
Russell,74079
Rutland,104050
Salem,65565
Salisbury,78112
Sandisfield,69135
Sandwich,95600
Saugus,80341
Savoy,60197
Scituate,116750
Seekonk,89155
Sharon,138396
Sheffield,76250
Shelburne,63594
Sherborn,180769
Shirley,70542
Shrewsbury,105959
Shutesbury,83750
Somerset,76311
Somerville,91168
South,65898
Southampton,93854
Southborough,145079
Southbridge,50787
Southwick,77734
Spencer,71830
Springfield,36730
Sterling,107348
Stockbridge,48493
Stoneham,94835
Stoughton,79421
Stow,145967
Sturbridge,91440
Sudbury,176570
Sunderland,61102
Sutton,102439
Swampscott,113422
Swansea,83010
Taunton,62185
Templeton,70030
Tewksbury,97584
Tisbury,50301
Tolland,101563
Topsfield,136812
Townsend,85462
Truro,65446
Tyngsborough,109652
Tyringham,78750
Upton,124856
Uxbridge,101859
Wakefield,95302
Wales,54103
Walpole,112897
Waltham,85677
Ware,51908
Wareham,63365
Warren,69851
Warwick,55417
Washington,82500
Watertown,97929
Wayland,174330
Webster,57924
Wellesley,188908
Wellfleet,69267
Wendell,44531
Wenham,109712
West,78313
West,86806
West,72931
West,138403
West,51472
West,75982
West,94306
Westborough,108767
Westfield,63660
Westford,141173
Westhampton,89545
Westminster,98714
Weston,181667
Westport,80015
Westwood,155706
Weymouth,79034
Whately,72542
Whitman,83066
Wilbraham,107592
Williamsburg,79487
Williamstown,82802
Wilmington,122813
Winchendon,71895
Winchester,159536
Windsor,83583
Winthrop,68322
Woburn,88745
Worcester,46407
Worthington,75417
Wrentham,113017
Yarmouth,63061
